"","Df","AIC","BIC","Chisq","Chisq diff","Df diff","Pr(>Chisq)"
"configural",102,24852.6110363098,25211.1884010569,861.020832401393,NA,NA,NA
"weak",111,24872.0119367225,25189.2149901526,898.421732814083,37.4009004126898,9,2.23172519237083e-05
"strong",120,24917.8796738698,25193.708415983,962.289469961453,63.8677371473698,9,2.39444336458638e-10
"strict",132,24981.0639971012,25201.7269907918,1049.47379319285,87.1843232314004,12,1.72805363640558e-13
